
{
	"fd" : null,
	"md" : 
	{
		"lapsLeft" : 4.0,
		"qualifying" : "true",
		"status" : 1.0
	},
	"qd" : null,
	"rt" : 
	[
		
		{
			"bestLap" : 70.51099999999860,
			"id" : 3.0,
			"isFocused" : "false",
			"lapNum" : 6.0,
			"lastLap" : 70.93600000000151,
			"locX" : -151.4149475097656,
			"locY" : 448.6578979492188,
			"place" : 2.0,
			"speed" : 27.08905220031738,
			"timeSplit" : "0.033"
		},
		
		{
			"bestLap" : 70.77599999999802,
			"id" : 1.0,
			"isFocused" : "false",
			"lapNum" : 6.0,
			"lastLap" : 70.95499999999447,
			"locX" : -151.0536956787109,
			"locY" : 452.3246154785156,
			"place" : 1.0,
			"speed" : 27.75371742248535,
			"timeSplit" : "0.000"
		}
	]
}
